source,target
/live-job-role/core-android-developer1,https://talent.cloudemployee.io/live-job-role/core-android-developer1
/live-job-role/cms-backend-administrator,https://talent.cloudemployee.io/live-job-role/cms-backend-administrator
/live-job-role/data-engineer,https://talent.cloudemployee.io/live-job-role/data-engineer
/live-job-role/ai-engineer,https://talent.cloudemployee.io/live-job-role/ai-engineer
/live-job-role/c-developer,https://talent.cloudemployee.io/live-job-role/c-developer
/live-job-role/backend-developer-python-devops-terraform,https://talent.cloudemployee.io/live-job-role/backend-developer-python-devops-terraform
/live-job-role/aws-devops-engineer,https://talent.cloudemployee.io/live-job-role/aws-devops-engineer
/live-job-role/consultant-e-commerce-and-technology,https://talent.cloudemployee.io/live-job-role/consultant-e-commerce-and-technology
/live-job-role/backend-software-engineer-php,https://talent.cloudemployee.io/live-job-role/backend-software-engineer-php
/live-job-role/business-development-representative-bdr,https://talent.cloudemployee.io/live-job-role/business-development-representative-bdr
/live-job-role/fullstack-net-developer11,https://talent.cloudemployee.io/live-job-role/fullstack-net-developer11
/live-job-role/full-stack-senior-engineer001,https://talent.cloudemployee.io/live-job-role/full-stack-senior-engineer001
/live-job-role/devops-cloud-infrastructure-engineer,https://talent.cloudemployee.io/live-job-role/devops-cloud-infrastructure-engineer
/live-job-role/full-stack-net-developer12,https://talent.cloudemployee.io/live-job-role/full-stack-net-developer12
/live-job-role/junior-data-engineer-mid-level-python-developer,https://talent.cloudemployee.io/live-job-role/junior-data-engineer-mid-level-python-developer
/live-job-role/project-manager-2,https://talent.cloudemployee.io/live-job-role/project-manager-2
/live-job-role/core-ios-developer,https://talent.cloudemployee.io/live-job-role/core-ios-developer
/live-job-role/senior-net-developer-with-blazor,https://talent.cloudemployee.io/live-job-role/senior-net-developer-with-blazor
/live-job-role/digital-commerce-associate-architect,https://talent.cloudemployee.io/live-job-role/digital-commerce-associate-architect
/live-job-role/fullstack-vue-developer,https://talent.cloudemployee.io/live-job-role/fullstack-vue-developer
/live-job-role/sql-server-database-administrator-dba,https://talent.cloudemployee.io/live-job-role/sql-server-database-administrator-dba
/live-job-role/qa-automation-engineer-fobdm,https://talent.cloudemployee.io/live-job-role/qa-automation-engineer-fobdm
/live-job-role/enterprise-architect,https://talent.cloudemployee.io/live-job-role/enterprise-architect
/live-job-role/growth-ae,https://talent.cloudemployee.io/live-job-role/growth-ae
/live-job-role/mobile-and-web-developer-react-and-react-native,https://talent.cloudemployee.io/live-job-role/mobile-and-web-developer-react-and-react-native
/live-job-role/senior-data-engineer-200,https://talent.cloudemployee.io/live-job-role/senior-data-engineer-200
/live-job-role/part-time-manual-qa-tester-ph,https://talent.cloudemployee.io/live-job-role/part-time-manual-qa-tester-ph
/live-job-role/data-analyst,https://talent.cloudemployee.io/live-job-role/data-analyst
/live-job-role/data-scientist-01,https://talent.cloudemployee.io/live-job-role/data-scientist-01
/live-job-role/qa-engineer---manual-automation-technical-documentation,https://talent.cloudemployee.io/live-job-role/qa-engineer---manual-automation-technical-documentation
/live-job-role/scrum-master-thdgt,https://talent.cloudemployee.io/live-job-role/scrum-master-thdgt
/live-job-role/senior-data-engineer,https://talent.cloudemployee.io/live-job-role/senior-data-engineer
/live-job-role/fullstack-developer222,https://talent.cloudemployee.io/live-job-role/fullstack-developer222
/live-job-role/qa-engineer1,https://talent.cloudemployee.io/live-job-role/qa-engineer1
/live-job-role/frontend-software-engineer000,https://talent.cloudemployee.io/live-job-role/frontend-software-engineer000
/live-job-role/machine-learning-engineer,https://talent.cloudemployee.io/live-job-role/machine-learning-engineer
/live-job-role/lead-full-stack-developer,https://talent.cloudemployee.io/live-job-role/lead-full-stack-developer
/live-job-role/mid-level-3d-artist,https://talent.cloudemployee.io/live-job-role/mid-level-3d-artist
/live-job-role/front-end-developer-mid-senior,https://talent.cloudemployee.io/live-job-role/front-end-developer-mid-senior
/live-job-role/pmo-analyst-manager,https://talent.cloudemployee.io/live-job-role/pmo-analyst-manager
/live-job-role/full-stack-senior-engineer-2,https://talent.cloudemployee.io/live-job-role/full-stack-senior-engineer-2
/live-job-role/scrum-master,https://talent.cloudemployee.io/live-job-role/scrum-master
/live-job-role/fullstack-software-engineer2,https://talent.cloudemployee.io/live-job-role/fullstack-software-engineer2
/live-job-role/senior-backend-engineer1,https://talent.cloudemployee.io/live-job-role/senior-backend-engineer1
/live-job-role/hubspot-crm-specialist,https://talent.cloudemployee.io/live-job-role/hubspot-crm-specialist
/live-job-role/senior-backend-api-developer,https://talent.cloudemployee.io/live-job-role/senior-backend-api-developer
/live-job-role/senior-android-developer,https://talent.cloudemployee.io/live-job-role/senior-android-developer
/live-job-role/qa-engineer-2,https://talent.cloudemployee.io/live-job-role/qa-engineer-2
/live-job-role/mid-senior-net-developer,https://talent.cloudemployee.io/live-job-role/mid-senior-net-developer
/live-job-role/fullstack-developer-mid---sr,https://talent.cloudemployee.io/live-job-role/fullstack-developer-mid---sr
/live-job-role/senior-azure-devops-engineer,https://talent.cloudemployee.io/live-job-role/senior-azure-devops-engineer
/live-job-role/senior-web-developer-react-wordpress,https://talent.cloudemployee.io/live-job-role/senior-web-developer-react-wordpress
/live-job-role/senior-qa-tester-manual-and-automation,https://talent.cloudemployee.io/live-job-role/senior-qa-tester-manual-and-automation
/live-job-role/senior-integration-backend-developer,https://talent.cloudemployee.io/live-job-role/senior-integration-backend-developer
/live-job-role/senior-data-engineer-202,https://talent.cloudemployee.io/live-job-role/senior-data-engineer-202
/live-job-role/senior-frontend-engineer-web3-next-js,https://talent.cloudemployee.io/live-job-role/senior-frontend-engineer-web3-next-js
/live-job-role/seniorlead-backend-developer,https://talent.cloudemployee.io/live-job-role/seniorlead-backend-developer
/live-job-role/senior-frontend-developer-15,https://talent.cloudemployee.io/live-job-role/senior-frontend-developer-15
/live-job-role/senior-drupal-developer011,https://talent.cloudemployee.io/live-job-role/senior-drupal-developer011
/live-job-role/senior-flutter-developer,https://talent.cloudemployee.io/live-job-role/senior-flutter-developer
/live-job-role/senior-full-stack-developer,https://talent.cloudemployee.io/live-job-role/senior-full-stack-developer
/live-job-role/senior-fullstack-javascript-developer,https://talent.cloudemployee.io/live-job-role/senior-fullstack-javascript-developer
/live-job-role/senior-ios-developer,https://talent.cloudemployee.io/live-job-role/senior-ios-developer
/live-job-role/senior-python-developer,https://talent.cloudemployee.io/live-job-role/senior-python-developer
/live-job-role/senior-qa-tester,https://talent.cloudemployee.io/live-job-role/senior-qa-tester
/live-job-role/senior-technical-writer,https://talent.cloudemployee.io/live-job-role/senior-technical-writer
/live-job-role/senior-ui-developer-with-umbraco,https://talent.cloudemployee.io/live-job-role/senior-ui-developer-with-umbraco
/live-job-role/senior-fullstack-python-developer-with-react,https://talent.cloudemployee.io/live-job-role/senior-fullstack-python-developer-with-react
/live-job-role/senior-full-stack-net-blazor-developer,https://talent.cloudemployee.io/live-job-role/senior-full-stack-net-blazor-developer
/live-job-role/senior-qa-tester-q3qlf,https://talent.cloudemployee.io/live-job-role/senior-qa-tester-q3qlf
/live-job-role/seniorlead-backend-developer-brazil,https://talent.cloudemployee.io/live-job-role/seniorlead-backend-developer-brazil
/live-job-role/senior-software-developer-php-laravel,https://talent.cloudemployee.io/live-job-role/senior-software-developer-php-laravel
/live-job-role/senior-fullstack-php-laravel-developer,https://talent.cloudemployee.io/live-job-role/senior-fullstack-php-laravel-developer
/live-job-role/senior-laravel-developer,https://talent.cloudemployee.io/live-job-role/senior-laravel-developer
/live-job-role/senior-qa-engineer,https://talent.cloudemployee.io/live-job-role/senior-qa-engineer
/live-job-role/senior-devops-engineer-3,https://talent.cloudemployee.io/live-job-role/senior-devops-engineer-3
/live-job-role/senior-fullstack-engineer-ngx8q,https://talent.cloudemployee.io/live-job-role/senior-fullstack-engineer-ngx8q
/live-job-role/senior-hr-business-partner,https://talent.cloudemployee.io/live-job-role/senior-hr-business-partner
/live-job-role/senior-salesforce-developer01,https://talent.cloudemployee.io/live-job-role/senior-salesforce-developer01
/live-job-role/senior-video-editor,https://talent.cloudemployee.io/live-job-role/senior-video-editor
/live-job-role/senior-quality-assurance-engineer,https://talent.cloudemployee.io/live-job-role/senior-quality-assurance-engineer
/live-job-role/senior-integrations-developer,https://talent.cloudemployee.io/live-job-role/senior-integrations-developer
/live-job-role/senior-devops-engineer-2,https://talent.cloudemployee.io/live-job-role/senior-devops-engineer-2
/live-job-role/senior-salesface-developer,https://talent.cloudemployee.io/live-job-role/senior-salesface-developer
/live-job-role/sr-software-eng001,https://talent.cloudemployee.io/live-job-role/sr-software-eng001
/live-job-role/senior-ios-developer-2-416sr,https://talent.cloudemployee.io/live-job-role/senior-ios-developer-2-416sr
/live-job-role/senior-frontend-developer-14,https://talent.cloudemployee.io/live-job-role/senior-frontend-developer-14
/live-job-role/senior-data-engineer-201,https://talent.cloudemployee.io/live-job-role/senior-data-engineer-201
/live-job-role/python-developer-sr-level,https://talent.cloudemployee.io/live-job-role/python-developer-sr-level
/live-job-role/senior-software-engineer-vb6,https://talent.cloudemployee.io/live-job-role/senior-software-engineer-vb6
/live-job-role/senior-dotnet-developer-85260,https://talent.cloudemployee.io/live-job-role/senior-dotnet-developer-85260
/live-job-role/senior-mid-fullstack-engineer,https://talent.cloudemployee.io/live-job-role/senior-mid-fullstack-engineer
/live-job-role/senior-nuxt-vue-js-developer,https://talent.cloudemployee.io/live-job-role/senior-nuxt-vue-js-developer
/live-job-role/senior-dotnet-developer,https://talent.cloudemployee.io/live-job-role/senior-dotnet-developer
/live-job-role/senior-technical-developer-php-ad-tech,https://talent.cloudemployee.io/live-job-role/senior-technical-developer-php-ad-tech
/uk/live-job-role/full-stack-senior-engineer001,https://talent.cloudemployee.io/live-job-role/full-stack-senior-engineer001
/live-job-role/technical-cv-sourcing-specialist,https://talent.cloudemployee.io/live-job-role/technical-cv-sourcing-specialist
/live-job-role/seniorteam-lead-full-stack-php-developer,https://talent.cloudemployee.io/live-job-role/seniorteam-lead-full-stack-php-developer
/live-job-role/technical-lead,https://talent.cloudemployee.io/live-job-role/technical-lead
/uk/live-job-role/c-developer,https://talent.cloudemployee.io/live-job-role/c-developer
/uk/live-job-role/digital-commerce-associate-architect,https://talent.cloudemployee.io/live-job-role/digital-commerce-associate-architect
/uk/live-job-role/fullstack-software-engineer2,https://talent.cloudemployee.io/live-job-role/fullstack-software-engineer2
/uk/live-job-role/fullstack-vue-developer,https://talent.cloudemployee.io/live-job-role/fullstack-vue-developer
/uk/live-job-role/data-analyst,https://talent.cloudemployee.io/live-job-role/data-analyst
/uk/live-job-role/consultant-e-commerce-and-technology,https://talent.cloudemployee.io/live-job-role/consultant-e-commerce-and-technology
/uk/live-job-role/front-end-developer-mid-senior,https://talent.cloudemployee.io/live-job-role/front-end-developer-mid-senior
/live-job-role/software-engineer,https://talent.cloudemployee.io/live-job-role/software-engineer
/uk/live-job-role/fullstack-net-developer11,https://talent.cloudemployee.io/live-job-role/fullstack-net-developer11
/uk/live-job-role/full-stack-senior-engineer-2,https://talent.cloudemployee.io/live-job-role/full-stack-senior-engineer-2
/uk/live-job-role/frontend-software-engineer000,https://talent.cloudemployee.io/live-job-role/frontend-software-engineer000
/live-job-role/test-engineer,https://talent.cloudemployee.io/live-job-role/test-engineer
/uk/live-job-role/full-stack-net-developer12,https://talent.cloudemployee.io/live-job-role/full-stack-net-developer12
/uk/live-job-role/fullstack-developer-mid---sr,https://talent.cloudemployee.io/live-job-role/fullstack-developer-mid---sr
/uk/live-job-role/fullstack-developer222,https://talent.cloudemployee.io/live-job-role/fullstack-developer222
/live-job-role/strategy-operations-manager,https://talent.cloudemployee.io/live-job-role/strategy-operations-manager
/uk/live-job-role/cms-backend-administrator,https://talent.cloudemployee.io/live-job-role/cms-backend-administrator
/live-job-role/solution-architect-e-commerce,https://talent.cloudemployee.io/live-job-role/solution-architect-e-commerce
/live-job-role/software-qa-test-engineer,https://talent.cloudemployee.io/live-job-role/software-qa-test-engineer
/live-job-role/solutions-architect,https://talent.cloudemployee.io/live-job-role/solutions-architect
/uk/live-job-role/data-scientist-01,https://talent.cloudemployee.io/live-job-role/data-scientist-01
/uk/live-job-role/enterprise-architect,https://talent.cloudemployee.io/live-job-role/enterprise-architect
/live-job-role/ios-developer,https://talent.cloudemployee.io/live-job-role/ios-developer
/live-job-role/transformation-project-manager,https://talent.cloudemployee.io/live-job-role/transformation-project-manager
/live-job-role/shopify-team-lead,https://talent.cloudemployee.io/live-job-role/shopify-team-lead
/uk/live-job-role/core-ios-developer,https://talent.cloudemployee.io/live-job-role/core-ios-developer
/uk/live-job-role/core-android-developer1,https://talent.cloudemployee.io/live-job-role/core-android-developer1
/live-job-role/technical-customer-success-specialist,https://talent.cloudemployee.io/live-job-role/technical-customer-success-specialist
/uk/live-job-role/aws-devops-engineer,https://talent.cloudemployee.io/live-job-role/aws-devops-engineer
/uk/live-job-role/ai-engineer,https://talent.cloudemployee.io/live-job-role/ai-engineer
/uk/live-job-role/backend-software-engineer-php,https://talent.cloudemployee.io/live-job-role/backend-software-engineer-php
/uk/live-job-role/backend-developer-python-devops-terraform,https://talent.cloudemployee.io/live-job-role/backend-developer-python-devops-terraform
/live-job-role/ui-ux-designer,https://talent.cloudemployee.io/live-job-role/ui-ux-designer
/uk/live-job-role/business-development-representative-bdr,https://talent.cloudemployee.io/live-job-role/business-development-representative-bdr
/uk/live-job-role/data-engineer,https://talent.cloudemployee.io/live-job-role/data-engineer
/live-job-role/ui-engineer-frontend-developer,https://talent.cloudemployee.io/live-job-role/ui-engineer-frontend-developer
/live-job-role/talent-acquisition-specialist,https://talent.cloudemployee.io/live-job-role/talent-acquisition-specialist
/uk/live-job-role/devops-cloud-infrastructure-engineer,https://talent.cloudemployee.io/live-job-role/devops-cloud-infrastructure-engineer
/uk/live-job-role/senior-fullstack-php-laravel-developer,https://talent.cloudemployee.io/live-job-role/senior-fullstack-php-laravel-developer
/uk/live-job-role/senior-fullstack-javascript-developer,https://talent.cloudemployee.io/live-job-role/senior-fullstack-javascript-developer
/uk/live-job-role/mid-level-3d-artist,https://talent.cloudemployee.io/live-job-role/mid-level-3d-artist
/uk/live-job-role/project-manager-2,https://talent.cloudemployee.io/live-job-role/project-manager-2
/uk/live-job-role/senior-data-engineer,https://talent.cloudemployee.io/live-job-role/senior-data-engineer
/uk/live-job-role/senior-full-stack-developer,https://talent.cloudemployee.io/live-job-role/senior-full-stack-developer
/uk/live-job-role/senior-data-engineer-202,https://talent.cloudemployee.io/live-job-role/senior-data-engineer-202
/uk/live-job-role/senior-backend-api-developer,https://talent.cloudemployee.io/live-job-role/senior-backend-api-developer
/uk/live-job-role/senior-drupal-developer011,https://talent.cloudemployee.io/live-job-role/senior-drupal-developer011
/uk/live-job-role/senior-frontend-engineer-web3-next-js,https://talent.cloudemployee.io/live-job-role/senior-frontend-engineer-web3-next-js
/uk/live-job-role/senior-flutter-developer,https://talent.cloudemployee.io/live-job-role/senior-flutter-developer
/uk/live-job-role/pmo-analyst-manager,https://talent.cloudemployee.io/live-job-role/pmo-analyst-manager
/uk/live-job-role/part-time-manual-qa-tester-ph,https://talent.cloudemployee.io/live-job-role/part-time-manual-qa-tester-ph
/uk/live-job-role/qa-engineer-2,https://talent.cloudemployee.io/live-job-role/qa-engineer-2
/uk/live-job-role/senior-net-developer-with-blazor,https://talent.cloudemployee.io/live-job-role/senior-net-developer-with-blazor
/uk/live-job-role/senior-devops-engineer-2,https://talent.cloudemployee.io/live-job-role/senior-devops-engineer-2
/uk/live-job-role/mobile-and-web-developer-react-and-react-native,https://talent.cloudemployee.io/live-job-role/mobile-and-web-developer-react-and-react-native
/uk/live-job-role/senior-data-engineer-200,https://talent.cloudemployee.io/live-job-role/senior-data-engineer-200
/uk/live-job-role/senior-devops-engineer-3,https://talent.cloudemployee.io/live-job-role/senior-devops-engineer-3
/uk/live-job-role/senior-fullstack-engineer-ngx8q,https://talent.cloudemployee.io/live-job-role/senior-fullstack-engineer-ngx8q
/uk/live-job-role/senior-azure-devops-engineer,https://talent.cloudemployee.io/live-job-role/senior-azure-devops-engineer
/uk/live-job-role/growth-ae,https://talent.cloudemployee.io/live-job-role/growth-ae
/uk/live-job-role/machine-learning-engineer,https://talent.cloudemployee.io/live-job-role/machine-learning-engineer
/uk/live-job-role/qa-automation-engineer-fobdm,https://talent.cloudemployee.io/live-job-role/qa-automation-engineer-fobdm
/uk/live-job-role/senior-frontend-developer-15,https://talent.cloudemployee.io/live-job-role/senior-frontend-developer-15
/uk/live-job-role/senior-android-developer,https://talent.cloudemployee.io/live-job-role/senior-android-developer
/uk/live-job-role/junior-data-engineer-mid-level-python-developer,https://talent.cloudemployee.io/live-job-role/junior-data-engineer-mid-level-python-developer
/uk/live-job-role/senior-frontend-developer-14,https://talent.cloudemployee.io/live-job-role/senior-frontend-developer-14
/uk/live-job-role/sql-server-database-administrator-dba,https://talent.cloudemployee.io/live-job-role/sql-server-database-administrator-dba
/uk/live-job-role/senior-full-stack-net-blazor-developer,https://talent.cloudemployee.io/live-job-role/senior-full-stack-net-blazor-developer
/uk/live-job-role/senior-backend-engineer1,https://talent.cloudemployee.io/live-job-role/senior-backend-engineer1
/uk/live-job-role/senior-data-engineer-201,https://talent.cloudemployee.io/live-job-role/senior-data-engineer-201
/uk/live-job-role/scrum-master-thdgt,https://talent.cloudemployee.io/live-job-role/scrum-master-thdgt
/uk/live-job-role/lead-full-stack-developer,https://talent.cloudemployee.io/live-job-role/lead-full-stack-developer
/uk/live-job-role/qa-engineer1,https://talent.cloudemployee.io/live-job-role/qa-engineer1
/uk/live-job-role/hubspot-crm-specialist,https://talent.cloudemployee.io/live-job-role/hubspot-crm-specialist
/uk/live-job-role/qa-engineer---manual-automation-technical-documentation,https://talent.cloudemployee.io/live-job-role/qa-engineer---manual-automation-technical-documentation
/uk/live-job-role/mid-senior-net-developer,https://talent.cloudemployee.io/live-job-role/mid-senior-net-developer
/uk/live-job-role/scrum-master,https://talent.cloudemployee.io/live-job-role/scrum-master
/uk/live-job-role/talent-acquisition-specialist,https://talent.cloudemployee.io/live-job-role/talent-acquisition-specialist
/uk/live-job-role/senior-technical-writer,https://talent.cloudemployee.io/live-job-role/senior-technical-writer
/uk/live-job-role/senior-technical-developer-php-ad-tech,https://talent.cloudemployee.io/live-job-role/senior-technical-developer-php-ad-tech
/uk/live-job-role/senior-salesface-developer,https://talent.cloudemployee.io/live-job-role/senior-salesface-developer
/uk/live-job-role/senior-ui-developer-with-umbraco,https://talent.cloudemployee.io/live-job-role/senior-ui-developer-with-umbraco
/uk/live-job-role/sr-software-eng001,https://talent.cloudemployee.io/live-job-role/sr-software-eng001
/uk/live-job-role/senior-software-engineer-vb6,https://talent.cloudemployee.io/live-job-role/senior-software-engineer-vb6
/uk/live-job-role/seniorlead-backend-developer-brazil,https://talent.cloudemployee.io/live-job-role/seniorlead-backend-developer-brazil
/uk/live-job-role/senior-qa-engineer,https://talent.cloudemployee.io/live-job-role/senior-qa-engineer
/uk/live-job-role/senior-ios-developer-2-416sr,https://talent.cloudemployee.io/live-job-role/senior-ios-developer-2-416sr
/uk/live-job-role/solution-architect-e-commerce,https://talent.cloudemployee.io/live-job-role/solution-architect-e-commerce
/uk/live-job-role/senior-software-developer-php-laravel,https://talent.cloudemployee.io/live-job-role/senior-software-developer-php-laravel
/uk/live-job-role/seniorlead-backend-developer,https://talent.cloudemployee.io/live-job-role/seniorlead-backend-developer
/uk/live-job-role/senior-web-developer-react-wordpress,https://talent.cloudemployee.io/live-job-role/senior-web-developer-react-wordpress
/uk/live-job-role/seniorteam-lead-full-stack-php-developer,https://talent.cloudemployee.io/live-job-role/seniorteam-lead-full-stack-php-developer
/uk/live-job-role/senior-video-editor,https://talent.cloudemployee.io/live-job-role/senior-video-editor
/uk/live-job-role/strategy-operations-manager,https://talent.cloudemployee.io/live-job-role/strategy-operations-manager
/uk/live-job-role/senior-mid-fullstack-engineer,https://talent.cloudemployee.io/live-job-role/senior-mid-fullstack-engineer
/uk/live-job-role/technical-lead,https://talent.cloudemployee.io/live-job-role/technical-lead
/uk/live-job-role/solutions-architect,https://talent.cloudemployee.io/live-job-role/solutions-architect
/uk/live-job-role/software-engineer,https://talent.cloudemployee.io/live-job-role/software-engineer
/uk/live-job-role/technical-cv-sourcing-specialist,https://talent.cloudemployee.io/live-job-role/technical-cv-sourcing-specialist
/uk/live-job-role/senior-integrations-developer,https://talent.cloudemployee.io/live-job-role/senior-integrations-developer
/uk/live-job-role/senior-integration-backend-developer,https://talent.cloudemployee.io/live-job-role/senior-integration-backend-developer
/uk/live-job-role/senior-hr-business-partner,https://talent.cloudemployee.io/live-job-role/senior-hr-business-partner
/uk/live-job-role/python-developer-sr-level,https://talent.cloudemployee.io/live-job-role/python-developer-sr-level
/uk/live-job-role/senior-qa-tester-q3qlf,https://talent.cloudemployee.io/live-job-role/senior-qa-tester-q3qlf
/uk/live-job-role/senior-dotnet-developer-85260,https://talent.cloudemployee.io/live-job-role/senior-dotnet-developer-85260
/uk/live-job-role/senior-ios-developer,https://talent.cloudemployee.io/live-job-role/senior-ios-developer
/uk/live-job-role/senior-fullstack-python-developer-with-react,https://talent.cloudemployee.io/live-job-role/senior-fullstack-python-developer-with-react
/uk/live-job-role/senior-dotnet-developer,https://talent.cloudemployee.io/live-job-role/senior-dotnet-developer
/uk/live-job-role/senior-salesforce-developer01,https://talent.cloudemployee.io/live-job-role/senior-salesforce-developer01
/uk/live-job-role/senior-qa-tester,https://talent.cloudemployee.io/live-job-role/senior-qa-tester
/uk/live-job-role/senior-qa-tester-manual-and-automation,https://talent.cloudemployee.io/live-job-role/senior-qa-tester-manual-and-automation
/uk/live-job-role/senior-quality-assurance-engineer,https://talent.cloudemployee.io/live-job-role/senior-quality-assurance-engineer
/uk/live-job-role/senior-python-developer,https://talent.cloudemployee.io/live-job-role/senior-python-developer
/uk/live-job-role/senior-laravel-developer,https://talent.cloudemployee.io/live-job-role/senior-laravel-developer
/uk/live-job-role/technical-customer-success-specialist,https://talent.cloudemployee.io/live-job-role/technical-customer-success-specialist
/uk/live-job-role/senior-nuxt-vue-js-developer,https://talent.cloudemployee.io/live-job-role/senior-nuxt-vue-js-developer
/uk/live-job-role/software-qa-test-engineer,https://talent.cloudemployee.io/live-job-role/software-qa-test-engineer
/uk/live-job-role/shopify-team-lead,https://talent.cloudemployee.io/live-job-role/shopify-team-lead
/ph/live-job-role/data-engineer,https://talent.cloudemployee.io/live-job-role/data-engineer
/uk/live-job-role/test-engineer,https://talent.cloudemployee.io/live-job-role/test-engineer
/uk/live-job-role/ui-engineer-frontend-developer,https://talent.cloudemployee.io/live-job-role/ui-engineer-frontend-developer
/ph/live-job-role/growth-ae,https://talent.cloudemployee.io/live-job-role/growth-ae
/ph/live-job-role/full-stack-net-developer12,https://talent.cloudemployee.io/live-job-role/full-stack-net-developer12
/ph/live-job-role/data-scientist-01,https://talent.cloudemployee.io/live-job-role/data-scientist-01
/ph/live-job-role/fullstack-developer-mid---sr,https://talent.cloudemployee.io/live-job-role/fullstack-developer-mid---sr
/ph/live-job-role/lead-full-stack-developer,https://talent.cloudemployee.io/live-job-role/lead-full-stack-developer
/ph/live-job-role/backend-developer-python-devops-terraform,https://talent.cloudemployee.io/live-job-role/backend-developer-python-devops-terraform
/ph/live-job-role/devops-cloud-infrastructure-engineer,https://talent.cloudemployee.io/live-job-role/devops-cloud-infrastructure-engineer
/ph/live-job-role/fullstack-developer222,https://talent.cloudemployee.io/live-job-role/fullstack-developer222
/ph/live-job-role/enterprise-architect,https://talent.cloudemployee.io/live-job-role/enterprise-architect
/ph/live-job-role/hubspot-crm-specialist,https://talent.cloudemployee.io/live-job-role/hubspot-crm-specialist
/ph/live-job-role/mid-senior-net-developer,https://talent.cloudemployee.io/live-job-role/mid-senior-net-developer
/ph/live-job-role/frontend-software-engineer000,https://talent.cloudemployee.io/live-job-role/frontend-software-engineer000
/ph/live-job-role/pmo-analyst-manager,https://talent.cloudemployee.io/live-job-role/pmo-analyst-manager
/ph/live-job-role/project-manager-2,https://talent.cloudemployee.io/live-job-role/project-manager-2
/ph/live-job-role/part-time-manual-qa-tester-ph,https://talent.cloudemployee.io/live-job-role/part-time-manual-qa-tester-ph
/ph/live-job-role/cms-backend-administrator,https://talent.cloudemployee.io/live-job-role/cms-backend-administrator
/ph/live-job-role/digital-commerce-associate-architect,https://talent.cloudemployee.io/live-job-role/digital-commerce-associate-architect
/ph/live-job-role/front-end-developer-mid-senior,https://talent.cloudemployee.io/live-job-role/front-end-developer-mid-senior
/ph/live-job-role/mid-level-3d-artist,https://talent.cloudemployee.io/live-job-role/mid-level-3d-artist
/ph/live-job-role/full-stack-senior-engineer-2,https://talent.cloudemployee.io/live-job-role/full-stack-senior-engineer-2
/ph/live-job-role/fullstack-software-engineer2,https://talent.cloudemployee.io/live-job-role/fullstack-software-engineer2
/ph/live-job-role/mobile-and-web-developer-react-and-react-native,https://talent.cloudemployee.io/live-job-role/mobile-and-web-developer-react-and-react-native
/ph/live-job-role/data-analyst,https://talent.cloudemployee.io/live-job-role/data-analyst
/ph/live-job-role/fullstack-vue-developer,https://talent.cloudemployee.io/live-job-role/fullstack-vue-developer
/ph/live-job-role/consultant-e-commerce-and-technology,https://talent.cloudemployee.io/live-job-role/consultant-e-commerce-and-technology
/ph/live-job-role/business-development-representative-bdr,https://talent.cloudemployee.io/live-job-role/business-development-representative-bdr
/ph/live-job-role/fullstack-net-developer11,https://talent.cloudemployee.io/live-job-role/fullstack-net-developer11
/ph/live-job-role/full-stack-senior-engineer001,https://talent.cloudemployee.io/live-job-role/full-stack-senior-engineer001
/ph/live-job-role/junior-data-engineer-mid-level-python-developer,https://talent.cloudemployee.io/live-job-role/junior-data-engineer-mid-level-python-developer
/ph/live-job-role/ai-engineer,https://talent.cloudemployee.io/live-job-role/ai-engineer
/ph/live-job-role/c-developer,https://talent.cloudemployee.io/live-job-role/c-developer
/ph/live-job-role/aws-devops-engineer,https://talent.cloudemployee.io/live-job-role/aws-devops-engineer
/ph/live-job-role/machine-learning-engineer,https://talent.cloudemployee.io/live-job-role/machine-learning-engineer
/uk/live-job-role/ios-developer,https://talent.cloudemployee.io/live-job-role/ios-developer
/uk/live-job-role/ui-ux-designer,https://talent.cloudemployee.io/live-job-role/ui-ux-designer
/uk/live-job-role/transformation-project-manager,https://talent.cloudemployee.io/live-job-role/transformation-project-manager
/ph/live-job-role/core-ios-developer,https://talent.cloudemployee.io/live-job-role/core-ios-developer
/ph/live-job-role/core-android-developer1,https://talent.cloudemployee.io/live-job-role/core-android-developer1
/ph/live-job-role/backend-software-engineer-php,https://talent.cloudemployee.io/live-job-role/backend-software-engineer-php
/ph/live-job-role/senior-dotnet-developer-85260,https://talent.cloudemployee.io/live-job-role/senior-dotnet-developer-85260
/ph/live-job-role/senior-frontend-developer-14,https://talent.cloudemployee.io/live-job-role/senior-frontend-developer-14
/ph/live-job-role/senior-frontend-developer-15,https://talent.cloudemployee.io/live-job-role/senior-frontend-developer-15
/ph/live-job-role/senior-devops-engineer-3,https://talent.cloudemployee.io/live-job-role/senior-devops-engineer-3
/ph/live-job-role/senior-data-engineer-201,https://talent.cloudemployee.io/live-job-role/senior-data-engineer-201
/ph/live-job-role/senior-backend-engineer1,https://talent.cloudemployee.io/live-job-role/senior-backend-engineer1
/ph/live-job-role/senior-azure-devops-engineer,https://talent.cloudemployee.io/live-job-role/senior-azure-devops-engineer
/ph/live-job-role/senior-integrations-developer,https://talent.cloudemployee.io/live-job-role/senior-integrations-developer
/ph/live-job-role/senior-data-engineer,https://talent.cloudemployee.io/live-job-role/senior-data-engineer
/ph/live-job-role/qa-engineer1,https://talent.cloudemployee.io/live-job-role/qa-engineer1
/ph/live-job-role/qa-engineer---manual-automation-technical-documentation,https://talent.cloudemployee.io/live-job-role/qa-engineer---manual-automation-technical-documentation
/ph/live-job-role/scrum-master,https://talent.cloudemployee.io/live-job-role/scrum-master
/ph/live-job-role/senior-hr-business-partner,https://talent.cloudemployee.io/live-job-role/senior-hr-business-partner
/ph/live-job-role/senior-integration-backend-developer,https://talent.cloudemployee.io/live-job-role/senior-integration-backend-developer
/ph/live-job-role/senior-nuxt-vue-js-developer,https://talent.cloudemployee.io/live-job-role/senior-nuxt-vue-js-developer
/ph/live-job-role/senior-backend-api-developer,https://talent.cloudemployee.io/live-job-role/senior-backend-api-developer
/ph/live-job-role/senior-laravel-developer,https://talent.cloudemployee.io/live-job-role/senior-laravel-developer
/ph/live-job-role/qa-engineer-2,https://talent.cloudemployee.io/live-job-role/qa-engineer-2
/ph/live-job-role/senior-devops-engineer-2,https://talent.cloudemployee.io/live-job-role/senior-devops-engineer-2
/ph/live-job-role/senior-fullstack-engineer-ngx8q,https://talent.cloudemployee.io/live-job-role/senior-fullstack-engineer-ngx8q
/ph/live-job-role/senior-fullstack-javascript-developer,https://talent.cloudemployee.io/live-job-role/senior-fullstack-javascript-developer
/ph/live-job-role/senior-ios-developer,https://talent.cloudemployee.io/live-job-role/senior-ios-developer
/ph/live-job-role/senior-full-stack-net-blazor-developer,https://talent.cloudemployee.io/live-job-role/senior-full-stack-net-blazor-developer
/ph/live-job-role/qa-automation-engineer-fobdm,https://talent.cloudemployee.io/live-job-role/qa-automation-engineer-fobdm
/ph/live-job-role/senior-net-developer-with-blazor,https://talent.cloudemployee.io/live-job-role/senior-net-developer-with-blazor
/ph/live-job-role/senior-data-engineer-200,https://talent.cloudemployee.io/live-job-role/senior-data-engineer-200
/ph/live-job-role/senior-frontend-engineer-web3-next-js,https://talent.cloudemployee.io/live-job-role/senior-frontend-engineer-web3-next-js
/ph/live-job-role/senior-flutter-developer,https://talent.cloudemployee.io/live-job-role/senior-flutter-developer
/ph/live-job-role/senior-full-stack-developer,https://talent.cloudemployee.io/live-job-role/senior-full-stack-developer
/ph/live-job-role/senior-fullstack-php-laravel-developer,https://talent.cloudemployee.io/live-job-role/senior-fullstack-php-laravel-developer
/ph/live-job-role/senior-dotnet-developer,https://talent.cloudemployee.io/live-job-role/senior-dotnet-developer
/ph/live-job-role/scrum-master-thdgt,https://talent.cloudemployee.io/live-job-role/scrum-master-thdgt
/ph/live-job-role/sql-server-database-administrator-dba,https://talent.cloudemployee.io/live-job-role/sql-server-database-administrator-dba
/ph/live-job-role/senior-fullstack-python-developer-with-react,https://talent.cloudemployee.io/live-job-role/senior-fullstack-python-developer-with-react
/ph/live-job-role/senior-python-developer,https://talent.cloudemployee.io/live-job-role/senior-python-developer
/ph/live-job-role/senior-data-engineer-202,https://talent.cloudemployee.io/live-job-role/senior-data-engineer-202
/ph/live-job-role/python-developer-sr-level,https://talent.cloudemployee.io/live-job-role/python-developer-sr-level
/ph/live-job-role/senior-drupal-developer011,https://talent.cloudemployee.io/live-job-role/senior-drupal-developer011
/ph/live-job-role/senior-qa-engineer,https://talent.cloudemployee.io/live-job-role/senior-qa-engineer
/ph/live-job-role/senior-android-developer,https://talent.cloudemployee.io/live-job-role/senior-android-developer
/ph/live-job-role/technical-lead,https://talent.cloudemployee.io/live-job-role/technical-lead
/ph/live-job-role/solutions-architect,https://talent.cloudemployee.io/live-job-role/solutions-architect
/ph/live-job-role/talent-acquisition-specialist,https://talent.cloudemployee.io/live-job-role/talent-acquisition-specialist
/after-care,/how-it-works
/ph/live-job-role/software-qa-test-engineer,https://talent.cloudemployee.io/live-job-role/software-qa-test-engineer
/back-office-pricing,/pricing
/blog/it-outsourcing/how-much-does-it-cost-to-hire-a-mobile-app-developer-in-2018,/blog
/ph/live-job-role/technical-customer-success-specialist,https://talent.cloudemployee.io/live-job-role/technical-customer-success-specialist
/ph/live-job-role/test-engineer,https://talent.cloudemployee.io/live-job-role/test-engineer
/big-data,/
/b2b-lead-generation,/
/aws/outsource-aws-development,/
/ph/live-job-role/ios-developer,https://talent.cloudemployee.io/live-job-role/ios-developer
/ph/live-job-role/technical-cv-sourcing-specialist,https://talent.cloudemployee.io/live-job-role/technical-cv-sourcing-specialist
/ph/live-job-role/ui-engineer-frontend-developer,https://talent.cloudemployee.io/live-job-role/ui-engineer-frontend-developer
/ph/live-job-role/solution-architect-e-commerce,https://talent.cloudemployee.io/live-job-role/solution-architect-e-commerce
/ph/live-job-role/ui-ux-designer,https://talent.cloudemployee.io/live-job-role/ui-ux-designer
/ph/live-job-role/strategy-operations-manager,https://talent.cloudemployee.io/live-job-role/strategy-operations-manager
/ph/live-job-role/transformation-project-manager,https://talent.cloudemployee.io/live-job-role/transformation-project-manager
/ph/live-job-role/senior-salesface-developer,https://talent.cloudemployee.io/live-job-role/senior-salesface-developer
/ph/live-job-role/senior-qa-tester-q3qlf,https://talent.cloudemployee.io/live-job-role/senior-qa-tester-q3qlf
/ph/live-job-role/senior-ui-developer-with-umbraco,https://talent.cloudemployee.io/live-job-role/senior-ui-developer-with-umbraco
/ph/live-job-role/senior-qa-tester,https://talent.cloudemployee.io/live-job-role/senior-qa-tester
/ph/live-job-role/senior-ios-developer-2-416sr,https://talent.cloudemployee.io/live-job-role/senior-ios-developer-2-416sr
/ph/live-job-role/seniorteam-lead-full-stack-php-developer,https://talent.cloudemployee.io/live-job-role/seniorteam-lead-full-stack-php-developer
/ph/live-job-role/senior-qa-tester-manual-and-automation,https://talent.cloudemployee.io/live-job-role/senior-qa-tester-manual-and-automation
/ph/live-job-role/seniorlead-backend-developer,https://talent.cloudemployee.io/live-job-role/seniorlead-backend-developer
/ph/live-job-role/senior-mid-fullstack-engineer,https://talent.cloudemployee.io/live-job-role/senior-mid-fullstack-engineer
/ph/live-job-role/senior-software-engineer-vb6,https://talent.cloudemployee.io/live-job-role/senior-software-engineer-vb6
/ph/live-job-role/senior-quality-assurance-engineer,https://talent.cloudemployee.io/live-job-role/senior-quality-assurance-engineer
/ph/live-job-role/software-engineer,https://talent.cloudemployee.io/live-job-role/software-engineer
/ph/live-job-role/senior-web-developer-react-wordpress,https://talent.cloudemployee.io/live-job-role/senior-web-developer-react-wordpress
/ph/live-job-role/seniorlead-backend-developer-brazil,https://talent.cloudemployee.io/live-job-role/seniorlead-backend-developer-brazil
/ph/live-job-role/senior-video-editor,https://talent.cloudemployee.io/live-job-role/senior-video-editor
/ph/live-job-role/senior-technical-writer,https://talent.cloudemployee.io/live-job-role/senior-technical-writer
/ph/live-job-role/senior-salesforce-developer01,https://talent.cloudemployee.io/live-job-role/senior-salesforce-developer01
/ph/live-job-role/senior-technical-developer-php-ad-tech,https://talent.cloudemployee.io/live-job-role/senior-technical-developer-php-ad-tech
/ph/live-job-role/senior-software-developer-php-laravel,https://talent.cloudemployee.io/live-job-role/senior-software-developer-php-laravel
/ph/live-job-role/shopify-team-lead,https://talent.cloudemployee.io/live-job-role/shopify-team-lead
/ph/live-job-role/sr-software-eng001,https://talent.cloudemployee.io/live-job-role/sr-software-eng001
/blog/productivity/10-tips-for-effective-communication-with-a-remote-team,/blog
/blog/10-must-have-fitness-apps-part-1-lets-get-moving,/blog
/blog/11-chinese-tech-companies-you-should-know-and-why,/blog
/blog/7-mobile-apps-to-help-you-learn-coding-on-the-go,/blog
/blog/it-outsourcing/how-outsourcing-drives-startup-growth-innovation-infographic,/blog
/blog/it-outsourcing/benefits-of-outsourcing-through-managed-services,/blog
/blog/code/the-importance-of-code-reusability-in-software-development,/blog
/blog/productivity/5-readily-available-snacks-that-boost-brain-power,/blog
/blog/productivity/5-alternative-coffices-in-manila,/blog
/blog/it-outsourcing/why-philippines-for-business,/blog
/blog/20-tools-you-need-as-a-developer-in-2021,/blog
/blog/it-outsourcing/partnering-it-outsourcing-service-provider,/blog
/blog/productivity/12-startup-podcasts-for-entrepreneurs,/blog
/blog/productivity/6-must-watch-ted-talks-startup-founders,/blog
/blog/productivity/11-signs-you-lack-work-life-balance,/blog
/blog/10-technical-skills-to-look-for-when-hiring-devops-engineers,/blog
/blog/asana-vs-trello-best-project-management-tools-for-remote-working,/blog
/blog/how-to-create-a-compelling-github-portfolio,/blog
/blog/productivity/10-reasons-to-become-a-programmer,/blog
/blog/it-outsourcing/top-9-criteria-for-choosing-the-right-it-outsourcing-partner,/blog
/blog/10-challenges-faced-by-remote-developers---how-to-solve-them,/blog
/blog/cybersecurity-readiness-in-the-21st-century,/blog
/blog/productivity/15-project-management-hacks-to-increase-productivity,/blog
/blog/10-best-websites-to-practice-coding-online,/blog
/blog/it-outsourcing/top-benefits-hire-shopify-developers,/blog
/blog/how-important-is-your-github-activity-for-a-job-interview,/blog
/blog/it-outsourcing/the-5-challenges-you-will-face-when-hiring-software-developers,/blog
/blog/featured-uk-startup-digitalmr,/blog
/blog/outsourcing-as-a-way-to-boost-your-income,/blog
/blog/it-outsourcing/7-risks-you-will-encounter-when-hiring-freelance-developers,/blog
/blog/it-outsourcing/outsourcing-vs-freelance-the-pros-and-cons-to-consider,/blog
/blog/tech-news/pokemon-go-devs-take-todays-biggest-mobile-game,/blog
/blog/the-future-of-drone-technology,/blog
/blog/programming-tips/10-best-websites-to-practice-coding-online,/blog
/blog/productivity/top-10-fitness-apps-beat-daily-grind,/blog
/blog/tech-news/common-pain-points-small-business,/blog
/blog/tech-news/top-5-interview-questions-best-answers,/blog
/blog/productivity/how-to-stay-motivated-at-work-when-things-become-unbearable,/blog
/blog/tech-news/the-future-of-drone-technology,/blog
/blog/tech-news/startup-fundraising-resources-part1,/blog
/blog/tech-news/military-technologies,/blog
/blog/top-5-in-demand-digital-skills-in-the-uk,/blog
/refer-a-candidate,/for-developers
/blog/tips-to-building-and-keeping-your-dream-web-team,/blog
/blog/rise-of-augmented-reality-in-entertainment-development-industries,/blog
/meet-the-team,/about-us
/blog/productivity/6-apps-that-will-help-you-get-to-work,/blog
/blog/productivity/being-stressed-at-work,/blog
/blog/productivity/7-tips-eating-healthy-at-work,/blog
/blog/tech-news/importance-of-technology-advancement-in-business-sector,/blog
/blog/productivity/take-regular-breaks,/blog
/blog/productivity/6-apps-to-train-your-brain-to,/blog
/blog/tech-news/top-3-challenges-tech-startups-face-and-how-to-overcome-them,/blog
/blog/tech-news/5-big-tech-trends-2017,/blog
/blog/tech-news/7-cool-devices-to-turn-your-home-into-a-smart-home,/blog
/blog/women-in-tech/roundtable-conversation-about-women-in-tech-by-women-in-tech,/blog
/blog/tech-news/11-chinese-tech-companies-you-should-know-and-why,/blog
/blog/tech-news/uk-250m-nhs-ai-lab,/blog
/blog/productivity/time-management-tips-working-professionals,/blog
/blog/productivity/slack-channels-for-startup-ceo,/blog
/blog/productivity/how-to-work-with-people-you-dont-like,/blog
/blog/tech-news/in-demand-digital-skills-in-the-uk,/blog
/hire-fractional-devops-engineers,/
/media/1222466/dev-1.webp?width=818&height=378,/
/blog/top-benefits-hire-shopify-developers,/blog
/blog/productivity/onboarding-mistakes-why-new-hires-quit,/blog
/blog/tech-news/non-tech-founders-of-big-tech-companies,/blog
/blog/programming-tips/front-end-and-back-end-developers-a-quick-comparison,/blog
/blog/tech-news/inside-microsofts-london-flagship-store,/blog
/blog/tech-news/eric-dalius-artificial-intelligence-has-a-huge-impact-on-startup-businesses,/blog
/hire-fractional-qa-tester,/
/ios,/
/old-home-2,/
/posts-categories/tech-news,/blog
/media/1222470/dev-4.webp?width=914&height=684,/
/write-for-us,/contact
/our-expertise,/how-it-works
/html5,/
/client-faq,/how-it-works
/blog-classic,/blog
/our-technologies,/how-it-works
/get-in-touch,/contact
/talents/hire-dot-net-developers,/start-hiring
/blog-sidebar,/blog
/posts-categories/productivity,/blog
/hire,/start-hiring
/contact-us,/contact
/life-beyond-offshoring,/about-us
/uk/home-alternate,/uk
/why-the-philippines,/how-it-works
/insights,/blog
/au/home,/
/careers-new,/for-developers
/careers,/for-developers
/why-cloud-employee,/about-us
/contact-us-2,/contact
/leadership,/about-us
/privacy-policy,/legals/privacy-policy
/salesforce/dedicated-salesforce-developer,/start-hiring
/why-our-model-works,/how-it-works
/developer-pricing,/pricing
/uk/client-faq,/uk/how-it-works
/ui-ux/hire-ui-ux-developers,/start-hiring
/our-story,/about-us
/life-at-cloud-employee,/about-us
/media/1222471/dev-5.jpg?width=864&height=423,/
/uk/home,/uk
/au/how-it-works,/how-it-works
/start-hiring,/start-hiring/get-started
/email-link,/book-a-call
/hire/cloud-engineers,/services/cloud-engineers
/hire-software-developers-philippines,/hire/philippines-offshoring
/hire/philippines-offshoring,/services/filipino-developers
/hire/devops-engineers,/services/devops-engineers
/hire/data-scientists,/services/data-scientists
/hire-csharp-developers,/technology/csharp
/ph/start-hiring-now,/ph/start-hiring/get-started
/hire/qa-analysts-testers,/services/qa-analysts-testers
/hire-virtual-assistants,/
/hire/software-engineers,/services/software-engineers
/hire/technical-architects,/services
/hire/front-end-developers,/services/front-end-developers
/hire/back-end-developers,/services/back-end-developers
/uk/start-hiring-now,/uk/start-hiring/get-started
/hire-angular-developers,/technology/angular
/hire/full-stack-developers,/services/full-stack-developers
/hire/latam-nearshoring,/services/latam-developers
/hire/no-code-developers,/services/no-code-developers
/hire/mobile-developers,/services/mobile-developers
/live-job-role,https://talent.cloudemployee.io/
/hire/ai-engineers,/services/ai-engineers
/hire-php-developers,/technology/php
/hire-admin-staff-philippines,/
/start-hiring-now,/start-hiring/get-started
/uk/hire/ai-engineers,/uk/services/ai-engineers
/uk/hire/philippines-offshoring,/uk/services/filipino-developers
/resources/(.*),/blog/%1
/uk/hire/technical-architects,/uk/services
/uk/resources/the-reality-of-modern-tech-recruitment-a-broken-system,/uk/blog/the-reality-of-modern-tech-recruitment-a-broken-system
/uk/hire/qa-analysts-testers,/uk/services/qa-analysts-testers
/uk/inital-assessment,/uk/initial-assessment
/resources,/downloads
/uk/free-downloads,/uk/downloads
/uk/book-a-cto-consultation,/uk/book-anto
/uk/live-job-role,https://talent.cloudemployee.io/
/uk/hire/latam-nearshoring,/uk/services/latam-developers
/uk/tools-quizzes,/uk/tools
/uk/team,/uk/about-us
/resources/the-reality-of-modern-tech-recruitment-a-broken-system,/blog/the-reality-of-modern-tech-recruitment-a-broken-system
/resources/freelancers-vs-cloud-employee,/blog/freelancers-vs-cloud-employee
/customer-stories/event-connections,/customer-story/event-connections
/uk/hire/data-scientists,/uk/services/data-scientists
/uk/hire/mobile-developers,/uk/services/mobile-developers
/uk/hire/front-end-developers,/uk/services/front-end-developers
/resources/7-benefits-of-outsourcing-web-development-for-startups,/blog/7-benefits-of-outsourcing-web-development-for-startups
/free-downloads,/downloads
/uk/hire/cloud-engineers,/uk/services/cloud-engineers
/book-a-cto-consultation,/book-anto
/uk/hire/devops-engineers,/uk/services/devops-engineers
/team,/about-us
/inital-assessment,/initial-assessment
/resources/cto-profile-meet-des-matthewson,/blog/cto-profile-meet-des-matthewson
/uk/hire/no-code-developers,/uk/services/no-code-developers
/uk/customer-stories/salmon-software,/uk/customer-story/salmon-software
/resources/data-engineer-vs-data-scientist-vs-ai-engineer-key-differences-demand-drivers-and-how-to-hire-right,/blog/data-engineer-vs-data-scientist-vs-ai-engineer-key-differences-demand-drivers-and-how-to-hire-right
/customer-stories/(.*),/customer-story/%1
/resources/how-staff-augmentation-is-rewriting-the-rules-of-software-development-speed-and-efficiency,/blog/how-staff-augmentation-is-rewriting-the-rules-of-software-development-speed-and-efficiency
/resources/staff-augmentation-vs-consulting-outsourcing-and-managed-services,/blog/staff-augmentation-vs-consulting-outsourcing-and-managed-services
/uk/customer-stories/event-connections,/uk/customer-story/event-connections
/customer-stories/salmon-software,/customer-story/salmon-software
/uk/hire/software-engineers,/uk/services/software-engineers
/industry-guide/cto-profile-meet-des-matthewson,/scaling-teams/cto-profile-meet-des-matthewson
/uk/hire/back-end-developers,/uk/services/back-end-developers
/tools-quizzes,/tools
/uk/hire/full-stack-developers,/uk/services/full-stack-developers
/industry-guide/scaling-product-development-with-remote-software-developers,/scaling-teams/scaling-product-development-with-remote-software-developers
/resources/securing-ai-the-ctos-guide-to-validation-and-minimum-safety-standards,/blog/securing-ai-the-ctos-guide-to-validation-and-minimum-safety-standards
/ph/hire/devops-engineers,/ph/services/devops-engineers
/uk/industry-guide/cto-profile-meet-des-matthewson,/uk/scaling-teams/cto-profile-meet-des-matthewson
/ph/hire/qa-analysts-testers,/ph/services/qa-analysts-testers
/ph/hire/software-engineers,/ph/services/software-engineers
/ph/customer-stories/salmon-software,/ph/customer-story/salmon-software
/uk/resources/freelancers-vs-cloud-employee,/uk/blog/freelancers-vs-cloud-employee
/ph/free-downloads,/ph/downloads
/ph/resources/cto-profile-meet-des-matthewson,/ph/blog/cto-profile-meet-des-matthewson
/ph/hire/ai-engineers,/ph/services/ai-engineers
/ph/hire/full-stack-developers,/ph/services/full-stack-developers
/ph/inital-assessment,/ph/initial-assessment
/uk/resources/7-benefits-of-outsourcing-web-development-for-startups,/uk/blog/7-benefits-of-outsourcing-web-development-for-startups
/uk/resources/how-staff-augmentation-is-rewriting-the-rules-of-software-development-speed-and-efficiency,/uk/blog/how-staff-augmentation-is-rewriting-the-rules-of-software-development-speed-and-efficiency
/ph/team,/ph/about-us
/ph/resources/data-engineer-vs-data-scientist-vs-ai-engineer-key-differences-demand-drivers-and-how-to-hire-right,/ph/blog/data-engineer-vs-data-scientist-vs-ai-engineer-key-differences-demand-drivers-and-how-to-hire-right
/ph/live-job-role,https://talent.cloudemployee.io/
/ph/hire/back-end-developers,/ph/services/back-end-developers
/ph/resources/how-staff-augmentation-is-rewriting-the-rules-of-software-development-speed-and-efficiency,/ph/blog/how-staff-augmentation-is-rewriting-the-rules-of-software-development-speed-and-efficiency
/ph/resources/freelancers-vs-cloud-employee,/ph/blog/freelancers-vs-cloud-employee
/ph/resources,/ph/downloads
/uk/resources,/uk/downloads
/ph/hire/mobile-developers,/ph/services/mobile-developers
/ph/hire/latam-nearshoring,/ph/services/latam-developers
/ph/hire/technical-architects,/ph/services
/uk/customer-stories/(.*),/uk/customer-story/%1
/ph/hire/cloud-engineers,/ph/services/cloud-engineers
/ph/resources/(.*),/ph/blog/%1
/ph/customer-stories/(.*),/ph/customer-story/%1
/uk/resources/securing-ai-the-ctos-guide-to-validation-and-minimum-safety-standards,/uk/blog/securing-ai-the-ctos-guide-to-validation-and-minimum-safety-standards
/ph/tools-quizzes,/ph/tools
/ph/resources/the-reality-of-modern-tech-recruitment-a-broken-system,/ph/blog/the-reality-of-modern-tech-recruitment-a-broken-system
/ph/hire/front-end-developers,/ph/services/front-end-developers
/uk/resources/cto-profile-meet-des-matthewson,/uk/blog/cto-profile-meet-des-matthewson
/uk/resources/data-engineer-vs-data-scientist-vs-ai-engineer-key-differences-demand-drivers-and-how-to-hire-right,/uk/blog/data-engineer-vs-data-scientist-vs-ai-engineer-key-differences-demand-drivers-and-how-to-hire-right
/uk/resources/(.*),/uk/blog/%1
/ph/resources/staff-augmentation-vs-consulting-outsourcing-and-managed-services,/ph/blog/staff-augmentation-vs-consulting-outsourcing-and-managed-services
/uk/resources/staff-augmentation-vs-consulting-outsourcing-and-managed-services,/uk/blog/staff-augmentation-vs-consulting-outsourcing-and-managed-services
/ph/book-a-cto-consultation,/ph/book-anto
/ph/hire/philippines-offshoring,/ph/services/filipino-developers
/uk/industry-guide/scaling-product-development-with-remote-software-developers,/uk/scaling-teams/scaling-product-development-with-remote-software-developers
/ph/resources/7-benefits-of-outsourcing-web-development-for-startups,/ph/blog/7-benefits-of-outsourcing-web-development-for-startups
/ph/hire/data-scientists,/ph/services/data-scientists
/ph/hire/no-code-developers,/ph/services/no-code-developers
/ph/resources/securing-ai-the-ctos-guide-to-validation-and-minimum-safety-standards,/ph/blog/securing-ai-the-ctos-guide-to-validation-and-minimum-safety-standards
/ph/customer-stories/event-connections,/ph/customer-story/event-connections
/ph/industry-guide/cto-profile-meet-des-matthewson,/ph/scaling-teams/cto-profile-meet-des-matthewson
/ph/industry-guide/scaling-product-development-with-remote-software-developers,/ph/scaling-teams/scaling-product-development-with-remote-software-developers
/cloudemployeereviews,/reviews
/cloudemployeereviews/clean-link,/reviews/cleanlink-software-ltd
/tools/self-assessment,/self-assessment
/tools/thank-you-psychometric-test,/thank-you-psychometric-test
/psychometric-test,/tools/free-psychometric-test
/customer-stories/travel-tech-client,/customer-story/travel-tech-client
/uk/customer-stories/travel-tech-client,/uk/customer-story/travel-tech-client
/ph/customer-stories/travel-tech-client,/ph/customer-story/travel-tech-client
/customer-stories/willo,/customer-story/willo
/uk/customer-stories/willo,/uk/customer-story/willo
/ph/customer-stories/willo,/ph/customer-story/willo
/book-seb,/book-a-call/seb
/uk/book-seb,/uk/book-a-call/seb
/ph/book-seb,/ph/book-a-call/seb
/book-anto,/book-a-call/anto
/uk/book-anto,/uk/book-a-call/anto
/ph/book-anto,/ph/book-a-call/anto
/pricing-old,/pricing
/uk/pricing-old,/uk/pricing
/book-a-call/steph,/book-a-call/stephanie
/developers,/technology
/developers/(.*),/technology
/archive/pricing-old,/pricing
/uk/archive/pricing-old,/uk/pricing
/cdn-cgi/l/email-protection,/legals/privacy-policy
/blog/freelancers-vs-cloud-employee,/compare/freelancers
/blog/our-proven-model-for-onboarding-software-developers,/hiring-tips/our-proven-model-for-onboarding-software-developers
/blog/7-benefits-of-outsourcing-web-development-for-startups,/nearshoring-offshoring/7-benefits-of-outsourcing-web-development-for-startups
/blog/how-staff-augmentation-is-rewriting-the-rules-of-software-development-speed-and-efficiency,/staff-augmentation/how-staff-augmentation-is-rewriting-the-rules-of-software-development-speed-and-efficiency
/uk/blog/how-staff-augmentation-is-rewriting-the-rules-of-software-development-speed-and-efficiency,/uk/staff-augmentation/how-staff-augmentation-is-rewriting-the-rules-of-software-development-speed-and-efficiency
/book-a-call/brooke,/book-a-call
/team/brooke-melidoni,/about-us
/thank-you-psychometric-test,/thank-you-culture-match
/tools/free-psychometric-test,/tools/culture-match
/services/filipino-developers,/services/philippines-developers
/uk/services/filipino-developers,/uk/services/philippines-developers
/ph/services/filipino-developers,/ph/services/philippines-developers
/impact,/our-work
/uk/impact,/uk/our-work
/ph/impact,/ph/our-work
/retain,/retention
/embed,/embedding
/source,/sourcing
/sourced,/sourcing
/blog/programming-tips/best-mobile-game-engines-2018,/blog
/hire-android-developers,/services/android-developers
/hire-javascript-developers,/services/front-end-developers
/blog/it-,/blog
/blog/it-outsourcing/build-a-close-relationship-with-offshore-team,/nearshoring-offshoring
/blog/productivity/how-important-is-your-github-activity-for-a-job-interview,/blog
/blog/programming-tips/7-mobile-apps-to-help-you-learn-coding-on-the-go,/blog
/blog/tech-news/featured-uk-startup-netpeak-software,/blog
/technology/angular,/technology/angular-developers
/hire-etl-developers,/services/data-scientists
/technology/csharp,/technology/csharp-developers
/uk/technology/kotlin,/uk/technology/kotlin-developers
/ph/%,https://talent.cloudemployee.io/
/ph,https://talent.cloudemployee.io/
/careers/backend-python-developer,/technology/python-developers
/compare/cloud-employee-vs-arc-dev,/compare
/compare/cloud-employee-vs-revelo,/compare
/compare/cloud-employee-vs-toptal,/compare
/compare/dev-agencies,/compare
/download/our-internal-hiring-sop,https://www.cloudemployee.io
/download/the-ctos-hiring-framework,/downloads
/download/weekly-self-reporting-system,/downloads
/hiring-tips/how-to-hire-python-developers,/hiring-tips
/managing-engineers/software-developer-performance-metrics-for-ctos,/managing-engineers
/reviews/cameron-pearson,/reviews
/reviews/emsl,/reviews
/reviews/mercato,/reviews
/scaling-teams/scaling-product-development-with-remote-software-developers,/scaling-teams
/start-hiring/get-started,/start-hiring/contact-info
/technology/cloudwatch,/technology
/technology/go-developers,/technology
/technology/postgresql,/technology
/technology/snowflake,/technology
/technology/vuejs-developers,/technology
/videos/embedded-talent,/videos
/videos/hire-nearshore-developers-that-feel-in-house-from-day-one,/videos
/videos/how-to-embed-top-global-developers-into-your-business,/videos
/videos/how-to-hire-top-developers-in-7-days,/videos
/videos/learning-development,/videos
/videos/onboarding-team,/videos
/videos/scalable-recruitment,/videos
/videos/talent-retention,/videos
/videos/talent-success-team,/videos
/videos/wellness,/videos
/tools/price-comparison-calculator(.*),/pricing
/tools/price-comparison-calculator,/pricing
